Prospect ID,Owner
bd1fe302-1d27-11ec-b533-02dd7729e8d0,gvindc@prione.in
bd1fee6a-1d27-11ec-b533-02dd7729e8d0,gvindc@prione.in
bd1fea46-1d27-11ec-b533-02dd7729e8d0,gvindc@prione.in
bd1feeef-1d27-11ec-b533-02dd7729e8d0,gvindc@prione.in
bd1fe852-1d27-11ec-b533-02dd7729e8d0,gvindc@prione.in
bd1fe949-1d27-11ec-b533-02dd7729e8d0,gvindc@prione.in
bd1fefea-1d27-11ec-b533-02dd7729e8d0,gvindc@prione.in
bd1fe9d3-1d27-11ec-b533-02dd7729e8d0,gvindc@prione.in
bd1fe3ff-1d27-11ec-b533-02dd7729e8d0,gvindc@prione.in
bd1fdd8f-1d27-11ec-b533-02dd7729e8d0,gvindc@prione.in
bd1fef68-1d27-11ec-b533-02dd7729e8d0,gvindc@prione.in
bd1fdf72-1d27-11ec-b533-02dd7729e8d0,gvindc@prione.in
bd1feb3d-1d27-11ec-b533-02dd7729e8d0,gvindc@prione.in
bd1fede7-1d27-11ec-b533-02dd7729e8d0,gvindc@prione.in
bd1fe8cc-1d27-11ec-b533-02dd7729e8d0,gvindc@prione.in
bd1feabe-1d27-11ec-b533-02dd7729e8d0,gvindc@prione.in
bd1febc6-1d27-11ec-b533-02dd7729e8d0,gvindc@prione.in
bd1fe137-1d27-11ec-b533-02dd7729e8d0,gvindc@prione.in
bd1fe380-1d27-11ec-b533-02dd7729e8d0,gvindc@prione.in
bd1fe7c4-1d27-11ec-b533-02dd7729e8d0,gvindc@prione.in
bd1fe0c4-1d27-11ec-b533-02dd7729e8d0,gvindc@prione.in
bd1fe28d-1d27-11ec-b533-02dd7729e8d0,gvindc@prione.in
bd1fdfe2-1d27-11ec-b533-02dd7729e8d0,gvindc@prione.in
bd1fe1ac-1d27-11ec-b533-02dd7729e8d0,gvindc@prione.in
bd1fd959-1d27-11ec-b533-02dd7729e8d0,gvindc@prione.in
bd1fe053-1d27-11ec-b533-02dd7729e8d0,gvindc@prione.in
bd1fe21b-1d27-11ec-b533-02dd7729e8d0,gvindc@prione.in
bd1fda47-1d27-11ec-b533-02dd7729e8d0,gvindc@prione.in
bd1fdb84-1d27-11ec-b533-02dd7729e8d0,gvindc@prione.in
bd1fdca4-1d27-11ec-b533-02dd7729e8d0,gvindc@prione.in
bd1fdace-1d27-11ec-b533-02dd7729e8d0,gvindc@prione.in
bd1fdd17-1d27-11ec-b533-02dd7729e8d0,gvindc@prione.in
bd1fdeec-1d27-11ec-b533-02dd7729e8d0,gvindc@prione.in
bd1fdc09-1d27-11ec-b533-02dd7729e8d0,gvindc@prione.in
bd1fd746-1d27-11ec-b533-02dd7729e8d0,gvindc@prione.in
bd1fde03-1d27-11ec-b533-02dd7729e8d0,gvindc@prione.in
bd1fde76-1d27-11ec-b533-02dd7729e8d0,gvindc@prione.in
,
